DeviceIdentity,TimeFunction,Measurement,xmin,xmax,ReliabilityScore
073B,-0.003333333*x + 1.2,7A09AB47D4,60,120,0.7
0CD1,-0.0006666667*x + 1.2,69F3BCD492,300,600,0.8
098D,-0.001666667*x + 2,C956F3FE76,600,1200,0.9
066B,-0.001666667*x + 2,65CD9AD691,600,1200,0.9
08FF,-0.001666667*x + 2,D55B922B96,600,1200,0.99
